Rank in 2020,Rank in 2019,Institution Name,Country,Overall Score
1,1,Massachusetts Institute of Technology (MIT),United States,100
2,2,Stanford University,United States,98.4
3,3,Harvard University,United States,97.4
4,5,University of Oxford,United Kingdom,97.2
5,4,California Institute of Technology (Caltech),United States,96.9
6,7,ETH Zurich (Swiss Federal Institute of Technology),Switzerland,95.9
7,6,University of Cambridge,United Kingdom,95
8,10,UCL (University College London),United Kingdom,94.8
9,8,Imperial College London,United Kingdom,94.1
10,9,University of Chicago,United States,92
11,12,Nanyang Technological University (NTU),Singapore,91.8
11,11,National University of Singapore (NUS),Singapore,91.8
13,13,Princeton University,United States,90.9
14,14,Cornell University,United States,89.3
15,19,University of Pennsylvania,United States,88.9
16,17,Tsinghua University,China,88.6
17,15,Yale University,United States,87.7
18,16,Columbia University,United States,87.4
18,22,Ecole Polytechnique F�d�rale de Lausanne (EPFL),Switzerland,87.4
20,18,University of Edinburgh,United Kingdom,86.2
21,20,University of Michigan,United States,86
22,30,Peking University,China,84.3
22,23,The University of Tokyo,Japan,84.3
24,21,Johns Hopkins University,United States,83.9
25,26,Duke University,United States,83.8
25,25,University of Hong Kong (HKU),Hong Kong,83.8
27,29,The University of Manchester,United Kingdom,82.7
28,27,"University of California, Berkeley (UCB)",United States,82.6
29,24,Australian National University (ANU),Australia,82.1
29,28,University of Toronto,Canada,82.1
31,34,Northwestern University,United States,81.5
32,37,The Hong Kong University of Science and Technology (HKUST),Hong Kong,80.6
33,31,King's College London (KCL),United Kingdom,80.5
33,35,Kyoto University,Japan,80.5
35,33,McGill University,Canada,80.4
35,32,"University of California, Los Angeles (UCLA)",United States,80.4
37,36,Seoul National University (SNU),South Korea,79.6
38,39,The University of Melbourne,Australia,79.5
39,43,New York University (NYU),United States,78.8
40,44,Fudan University,China,78.6
41,40,KAIST - Korea Advanced Institute of Science and Technology,South Korea,77.9
42,42,The University of Sydney,Australia,77.8
43,45,The University of New South Wales (UNSW),Australia,77.1
44,38,London School of Economics and Political Science (LSE),United Kingdom,77
45,41,"University of California, San Diego (UCSD)",United States,76.6
46,49,The Chinese University of Hong Kong (CUHK),Hong Kong,75.9
47,48,The University of Queensland (UQ),Australia,75.7
48,46,Carnegie Mellon University,United States,74.8
49,51,University of Bristol,United Kingdom,74.5
50,52,Delft University of Technology,Netherlands,74.2
51,47,University of British Columbia,Canada,74.1
52,55,City University of Hong Kong,Hong Kong,73.6
53,50,Universit� PSL (Paris Sciences & Lettres),France,73.4
54,68,Zhejiang University,China,72.4
55,61,Technische Universit�t M�nchen,Germany,72.3
56,53,University of Wisconsin-Madison,United States,71.8
57,56,Brown University,United States,71.5
58,59,Monash University,Australia,70.9
58,58,Tokyo Institute of Technology,Japan,70.9
60,65,Ecole Polytechnique,France,70.5
60,59,Shanghai Jiao Tong University,China,70.5
62,54,The University of Warwick,United Kingdom,70.4
63,62,Ludwig-Maximilians-Universit�t M�nchen,Germany,69.6
64,57,University of Amsterdam,Netherlands,69
65,63,University of Texas at Austin,United States,68.6
66,64,Ruprecht-Karls-Universit�t Heidelberg,Germany,68.4
67,69,University of Glasgow,United Kingdom,68.2
68,66,University of Washington,United States,67.9
69,72,National Taiwan University (NTU),Taiwan,67.3
70,87,Universiti Malaya (UM),Malaysia,67.1
71,67,Osaka University,Japan,66.5
72,69,Georgia Institute of Technology (Georgia Tech),United States,66.2
74,73,Universidad de Buenos Aires,Argentina,66
75,71,University of Illinois at Urbana-Champaign,United States,65.9
76,78,University of Zurich,Switzerland,65.8
77,75,Sorbonne University,France,64.9
78,74,Durham University,United Kingdom,64.2
78,75,The University of Sheffield,United Kingdom,64.2
80,81,Katholieke Universiteit Leuven,Belgium,64.1
81,79,University of Birmingham,United Kingdom,64
81,79,University of Copenhagen,Denmark,63.8
82,77,Tohoku University,Japan,63.7
83,86,Korea University,South Korea,63.4
83,85,The University of Auckland,New Zealand,63.4
84,90,Lomonosov Moscow State University,Russia,63.2
85,87,Rice University,United States,63.1
86,91,The University of Western Australia (UWA),Australia,62.9
87,83,Pohang University of Science and Technology (POSTECH),South Korea,62.6
89,98,University of Science and Technology of China,China,62.3
90,83,"University of North Carolina, Chapel Hill",United States,62.2
91,106,The Hong Kong Polytechnic University,Hong Kong,61.9
92,92,Lund University,Sweden,61.8
93,95,Pennsylvania State University,United States,61.7
93,93,University of Leeds,United Kingdom,61.7
95,100,Sungkyunkwan University,South Korea,61
96,82,The University of Nottingham,United Kingdom,60.8
97,96,University of Southampton,United Kingdom,60.6
98,93,Boston University,United States,60.5
98,104,"KTH, Royal Institute of Technology",Sweden,60.5
100,97,University of St Andrews,United Kingdom,59.9
101,89,Ohio State University,United States,59.5
102,99,Eindhoven University of Technology,Netherlands,58.9
103,113,Universidad Nacional Aut�noma de M�xico (UNAM),Mexico,58.8
104,100,"University of California, Davis (UCD)",United States,58.7
104,107,Yonsei University,South Korea,58.7
106,114,The University of Adelaide,Australia,58.6
107,110,University of Helsinki,Finland,58.4
108,104,Trinity College Dublin (TCD),Ireland,58.3
108,100,Washington University in St. Louis,United States,58.3
110,108,University of Geneva,Switzerland,58.1
111,100,Purdue University,United States,57.8
112,112,Technical University of Denmark,Denmark,57.4
113,109,University of Alberta,Canada,57.3
114,120,University of Groningen,Netherlands,56.1
115,111,Nagoya University,Japan,55.8
116,118,Universidade de S�o Paulo (USP),Brazil,55.5
116,117,Uppsala University,Sweden,55.5
118,122,Leiden University,Netherlands,55.4
119,135,University of Oslo,Norway,54.7
120,121,Humboldt-Universit�t zu Berlin,Germany,54.5
120,122,Nanjing University,China,54.5
120,124,Utrecht University,Netherlands,54.5
123,139,University of Bern,Switzerland,54.3
124,116,"KIT, Karlsruher Institut f�r Technologie",Germany,54.2
125,128,Chalmers University of Technology,Sweden,54
125,125,Wageningen University,Netherlands,54
126,119,Queen Mary University of London (QMUL),United Kingdom,53.9
127,132,Pontificia Universidad Cat�lica de Chile,Chile,53.4
128,131,Lancaster University,United Kingdom,53.2
129,115,University of Southern California,United States,53.1
130,130,Freie Universit�t Berlin,Germany,53
130,138,University of Ghent,Belgium,53
132,128,Hokkaido University,Japan,52.9
132,126,Kyushu University,Japan,52.9
134,140,Aalto University,Finland,52.4
135,132,"University of California, Santa Barbara (UCSB)",United States,52.3
136,126,"University of Maryland, College Park",United States,52.1
137,149,Universit� de Montr�al,Canada,52
138,144,Rheinisch-Westf�lische Technische Hochschule Aachen,Germany,51.9
139,137,CentraleSup�lec,France,51.4
140,146,McMaster University,Canada,51.2
140,136,University of Pittsburgh,United States,51.2
140,160,University of Technology Sydney (UTS),Australia,51.2
144,141,Michigan State University,United States,51.1
145,141,Aarhus University,Denmark,51
146,141,Newcastle University,United Kingdom,50.9
147,147,Technische Universit�t Berlin,Germany,50.6
148,134,University of York,United Kingdom,50.5
149,156,Politecnico di Milano,Italy,50.4
150,151,Hanyang University,South Korea,50.3
151,160,University of Basel,Switzerland,50
152,162,Indian Institute of Technology Bombay (IITB),India,49.4
153,149,University of Lausanne,Switzerland,49.2
154,145,Cardiff University,United Kingdom,49
154,175,Universit�t Wien,Austria,49
156,148,Emory University,United States,48.6
156,156,University of Minnesota,United States,48.6
158,178,Tecnol�gico de Monterrey (ITESM),Mexico,48.5
159,202,Universiti Putra Malaysia (UPM),Malaysia,48.4
160,153,Ecole Normale Sup�rieure de Lyon,France,48.3
160,184,Universiti Kebangsaan Malaysia (UKM),Malaysia,48.3
162,154,Hebrew University of Jerusalem,Israel,48.2
163,171,University of Bergen,Norway,48.1
163,154,University of Exeter,United Kingdom,48.1
165,166,Universitat de Barcelona (UB),Spain,47.9
165,207,Universiti Sains Malaysia (USM),Malaysia,47.9
167,186,Case Western Reserve University,United States,47.8
167,165,Universit� Catholique de Louvain (UCL),Belgium,47.7
167,180,University of Florida,United States,47.7
169,168,Eberhard Karls Universit�t T�bingen,Germany,47.3
169,186,Universit�t Freiburg,Germany,47.3
170,184,University of Rochester,United States,47.3
172,158,University of Bath,United Kingdom,47
173,163,National Tsing Hua University,Taiwan,46.8
173,180,Queen's University of Belfast,United Kingdom,46.8
173,163,University of Waterloo,Canada,46.8
176,175,University of Otago,New Zealand,46.7
177,167,Scuola Superiore Sant'Anna Pisa,Italy,46.6
177,180,Universit� di Bologna (UNIBO),Italy,46.6
179,191,Technische Universit�t Dresden,Germany,46.4
181,164,University of Liverpool,United Kingdom,46.3
182,172,Indian Institute of Technology Delhi (IITD),India,46.2
183,179,Erasmus University Rotterdam,Netherlands,46.1
184,170,Indian Institute of Science (IISc) Bangalore,India,45.9
185,193,University College Dublin (UCD),Ireland,45.6
186,231,King Abdul Aziz University (KAU),Saudi Arabia,45.2
186,172,University of Twente,Netherlands,45.2
188,193,Universitat Aut�noma de Barcelona,Spain,45.1
189,203,Texas A&M University,United States,45
189,208,Universidad de Chile,Chile,45
191,200,Stockholm University,Sweden,44.8
192,199,Technische Universit�t Wien,Austria,44.7
192,159,Universidad Aut�noma de Madrid,Spain,44.7
194,172,University of Aberdeen,United Kingdom,44.6
195,188,Vrije Universiteit Brussel (VUB),Belgium,44.5
197,197,Georg-August-Universit�t G�ttingen,Germany,44.2
198,200,University of Cape Town,South Africa,44.1
198,192,University of Virginia,United States,44.1
200,198,Keio University,Japan,44
200,189,King Fahd University of Petroleum & Minerals (KFUPM),Saudi Arabia,44
200,195,Vanderbilt University,United States,44
202,208,Waseda University,Japan,43.7
203,217,Sapienza - Universit� di Roma,Italy,43.5
204,175,Scuola Normale Superiore di Pisa,Italy,43.4
205,195,University of Reading,United Kingdom,43.3
206,190,University of Colorado at Boulder,United States,43.2
207,220,Al-Farabi Kazakh National University,Kazakhstan,43.1
207,183,Dartmouth College,United States,43.1
207,214,University of Newcastle,Australia,43.1
210,212,University of Notre Dame,United States,42.9
211,214,Western University,Canada,42.8
212,206,Universidad Complutense de Madrid (UCM),Spain,42.7
212,218,University of Wollongong,Australia,42.7
214,204,Universidade Estadual de Campinas (Unicamp),Brazil,42.1
215,212,Arizona State University,United States,42
215,221,Victoria University of Wellington,New Zealand,42
217,204,Radboud University Nijmegen,Netherlands,41.4
217,228,Universiti Teknologi Malaysia (UTM),Malaysia,41.4
219,230,Tel Aviv University,Israel,41.3
219,169,"University of California, Irvine (UCI)",United States,41.3
219,231,Vrije Universiteit Amsterdam,Netherlands,41.3
222,218,Loughborough University,United Kingdom,41.2
223,223,University of Antwerp,Belgium,40.9
224,244,Queensland University of Technology (QUT),Australia,40.7
225,234,National Cheng Kung University,Taiwan,40.4
226,226,Georgetown University,United States,40.1
227,208,National Chiao Tung University,Taiwan,40
227,223,Universit�t Hamburg,Germany,40
227,231,University of Canterbury,New Zealand,40
230,250,Curtin University,Australia,39.9
231,244,Novosibirsk State University,Russia,39.8
231,214,"University of Illinois, Chicago (UIC)",United States,39.8
233,229,University of Calgary,Canada,39.7
234,235,Saint-Petersburg State University,Russia,39.6
234,272,Universidad de Los Andes Colombia,Colombia,39.6
234,249,Universit� degli Studi di Padova (UNIPD),Italy,39.6
237,250,Macquarie University,Australia,39.5
238,250,RMIT University,Australia,39.2
239,211,Maastricht University,Netherlands,39
239,239,Queen's University,Canada,39
239,223,University of Leicester,United Kingdom,39
242,221,Sciences Po Paris,France,38.9
243,255,Rheinische Friedrich-Wilhelms-Universit�t Bonn,Germany,38.8
244,237,American University of Beirut (AUB),Lebanon,38.7
245,242,Universidad de Navarra,Spain,38.5
246,227,University of Sussex,United Kingdom,38.4
247,271,Chulalongkorn University,Thailand,38.3
247,264,Kyung Hee University,South Korea,38.3
250,263,Ecole des Ponts ParisTech,France,37.8
251,257,National Taiwan University of Science and Technology,Taiwan,37.6
251,239,Universit� Libre de Bruxelles (ULB),Belgium,37.6
253,237,Tufts University,United States,37.5
253,275,Universidad Nacional de Colombia,Colombia,37.5
256,269,University of Gothenburg,Sweden,37.3
257,247,Technion - Israel Institute of Technology,Israel,37.2
257,257,Wuhan University,China,37.2
259,260,"National University of Ireland, Galway (NUIG)",Ireland,37.1
260,253,Technische Universit�t Darmstadt,Germany,37
261,277,Hong Kong Baptist University (HKBU),Hong Kong,36.9
262,283,"Rutgers - The State University of New Jersey, New Brunswick",United States,36.8
262,239,Universit� Paris-Sud 11,France,36.8
262,246,University of Arizona,United States,36.8
265,291,Tongji University,China,36.7
266,279,Universit�t Innsbruck,Austria,36.6
266,274,University of Waikato,New Zealand,36.6
268,315,Khalifa University,United Arab Emirates,36.5
268,277,Tomsk State University,Russia,36.5
270,260,University of Tsukuba,Japan,36.3
271,309,Deakin University,Australia,36.1
271,264,Indian Institute of Technology Madras (IITM),India,36.1
271,242,University of Miami,United States,36.1
274,264,University of South Australia (UniSA),Australia,35.9
274,248,University of Surrey,United Kingdom,35.9
276,332,Qatar University,Qatar,35.8
277,292,Beijing Normal University,China,35.7
277,285,Harbin Institute of Technology,China,35.7
279,260,Universit�t Stuttgart,Germany,35.6
280,279,Dalhousie University,Canada,35.4
281,295,Indian Institute of Technology Kharagpur (IITKGP),India,35.2
281,256,King Saud University (KSU),Saudi Arabia,35.2
281,289,University of Ottawa,Canada,35.2
284,299,Bauman Moscow State Technical University,Russia,35.1
285,279,North Carolina State University,United States,35
285,298,Universitat Pompeu Fabra,Spain,35
287,332,Massey University,New Zealand,34.9
287,292,National Yang Ming University,Taiwan,34.9
287,295,Sun Yat-sen University,China,34.9
287,285,University of Turku,Finland,34.9
291,317,Charles University,Czech Republic,34.8
291,283,Indian Institute of Technology Kanpur (IITK),India,34.8
291,236,Royal Holloway University of London,United Kingdom,34.8
291,279,Universit�t Frankfurt am Main,Germany,34.8
291,287,University of Tasmania,Australia,34.8
296,292,University of Indonesia,Indonesia,34.7
296,268,University of Strathclyde,United Kingdom,34.7
298,253,Universidad Carlos III de Madrid,Spain,34.6
298,323,Universiti Brunei Darussalam (UBD),Brunei,34.6
300,275,Universitat Polit�cnica de Catalunya,Spain,34.5
301,321,University of Tartu,Estonia,34.4
302,312,Moscow Institute of Physics and Technology State University,Russia,34.3
302,325,Universit� degli Studi di Milano,Italy,34.3
302,272,University of Dundee,United Kingdom,34.3
305,299,Universit� Paris 1 Panth�on-Sorbonne,France,34.2
305,259,"University of Massachusetts, Amherst",United States,34.2
307,313,Xi'an Jiaotong University,China,34.1
308,306,Universit�t K�ln,Germany,34
309,288,"SOAS - School of Oriental and African Studies, University of London",United Kingdom,33.9
310,338,University College Cork (UCC),Ireland,33.7
311,363,Technische Universit�t Graz,Austria,33.6
312,305,ENS Paris-Saclay,France,33.5
312,323,Indiana University Bloomington,United States,33.5
314,302,Heriot-Watt University,United Kingdom,33.4
314,380,Mahidol University,Thailand,33.4
314,264,Simon Fraser University,Canada,33.4
314,338,Universit�t Mannheim,Germany,33.4
314,269,University of East Anglia (UEA),United Kingdom,33.4
319,299,Universit�t Erlangen-N�rnberg,Germany,33.3
320,329,Griffith University,Australia,33.2
320,391,Universitas Gadjah Mada,Indonesia,33.2
322,315,Gwangju Institute of Science and Technology (GIST),South Korea,33.1
322,343,National Research University - Higher School of Economics (HSE),Russia,33.1
324,343,Aalborg University,Denmark,33
324,302,Link�ping University,Sweden,33
326,302,University of Hawaii at M?�noa,United States,32.9
327,338,Virginia Polytechnic Institute (Virginia Tech),United States,32.7
328,306,"Birkbeck College, University of London",United Kingdom,32.6
329,329,"National Research Nuclear University ""MEPhI"" (Moscow Engineering Physics Institute)",Russia,32.4
329,350,United Arab Emirates University,United Arab Emirates,32.4
331,359,Bandung Institute of Technology (ITB),Indonesia,32.3
331,319,Ewha Womans University,South Korea,32.3
331,308,National Taiwan Normal University,Taiwan,32.3
334,321,Hiroshima University,Japan,32.2
336,345,George Washington University,United States,32
336,310,Universidad Politecnica de Valencia,Spain,32
338,411,Jagiellonian University,Poland,31.9
338,355,University of Lisbon,Portugal,31.9
340,338,Ume� University,Sweden,31.8
340,326,Universit�t Jena,Germany,31.8
340,332,Universit�t Ulm,Germany,31.8
340,313,University at Buffalo SUNY,United States,31.8
344,326,Northeastern University,United States,31.7
344,369,Pontificia Universidad Cat�lica Argentina Santa Mar�a de los Buenos Aires (UCA),Argentina,31.7
346,336,University of Jyv�skyl�,Finland,31.6
347,329,Westf�lische Wilhelms-Universit�t M�nster,Germany,31.3
348,387,Politecnico di Torino,Italy,31.2
349,351,"City, University of London",United Kingdom,31.1
349,394,University of Warsaw,Poland,31.1
351,354,Belarus State University,Belarus,31
351,289,Universit� Grenoble-Alpes (UGA),France,31
353,328,University of Porto,Portugal,30.9
353,345,University of Utah,United States,30.9
356,317,Lincoln University,New Zealand,30.7
356,384,University of the Philippines,Philippines,30.7
358,361,Universidade Federal do Rio de Janeiro,Brazil,30.6
359,332,Brunel University,United Kingdom,30.5
359,363,Norwegian University of Science and Technology,Norway,30.5
359,349,Stony Brook University,United States,30.5
359,352,Tokyo Medical and Dental University,Japan,30.5
359,310,Yeshiva University,United States,30.5
364,359,University of Victoria,Canada,30.4
364,412,Ural Federal University,Russia,30.4
366,355,Moscow State Institute of International Relations � MGIMO University,Russia,30.3
367,336,"University of California, Santa Cruz (UCSC)",United States,30.2
368,338,Nankai University,China,29.8
368,355,University of Kent,United Kingdom,29.8
370,355,University of Essex,United Kingdom,29.7
371,376,American University of Sharjah,United Arab Emirates,29.6
371,319,Tilburg University,Netherlands,29.6
372,367,University of Kansas,United States,29.4
372,376,University of Southern Denmark,Denmark,29.4
374,376,University of Oulu,Finland,29.3
375,397,Pakistan Institute of Engineering and Applied Sciences (PIEAS),Pakistan,29.2
376,363,Oxford Brookes University,United Kingdom,29.1
377,369,James Cook University (JCU),Australia,29
377,373,University of Connecticut,United States,29
379,450,Sultan Qaboos University,Oman,28.9
379,362,Taipei Medical University,Taiwan,28.9
379,348,Universit� de Strasbourg,France,28.9
379,442,Universiti Teknologi Brunei,Brunei,28.9
383,381,Indian Institute of Technology Roorkee (IITR),India,28.8
383,345,Rensselaer Polytechnic Institute,United States,28.8
383,387,Swinburne University of Technology,Australia,28.8
383,420,Universidad de Palermo,Argentina,28.8
387,373,Tomsk Polytechnic University,Russia,28.7
387,443,University of Macau,Macau,28.7
389,426,Universit� degli Studi di Trento,Italy,28.6
389,422,Universit� di Pisa,Italy,28.6
389,369,University of Tromso,Norway,28.6
392,439,Kazan Federal University,Russia,28.5
392,446,RUDN University,Russia,28.5
392,397,University of Colorado at Denver,United States,28.5
395,352,Kobe University,Japan,28.4
395,420,The American University in Cairo,Egypt,28.4
398,375,University of St Gallen (HSG),Switzerland,28.3
398,387,Wake Forest University,United States,28.3
400,415,Huazhong University of Science and Technology,China,28.2
400,397,La Trobe University,Australia,28.2
400,417,National University of Sciences and Technology (NUST) Islamabad,Pakistan,28.2
400,367,Universidad Austral,Argentina,28.2
400,381,University of The Witwatersrand,South Africa,28.2
400,391,Washington State University,United States,28.2
406,407,University of Coimbra,Portugal,28.1
407,387,HUFS � Hankuk (Korea) University of Foreign Studies,South Korea,28
407,432,Sharif University of Technology,Iran,28
407,419,University of Tennessee,United States,28
410,407,Johannes Gutenberg Universit�t Mainz,Germany,27.9
410,402,National Sun Yat-sen University,Taiwan,27.9
412,397,Chung-Ang University,South Korea,27.8
412,456,Johannes Kepler Universit�t Linz (JKU),Austria,27.8
412,422,Shanghai University,China,27.8
416,402,Laval University,Canada,27.7
417,396,"Goldsmiths, University of London",United Kingdom,27.6
418,394,L.N. Gumilyov Eurasian National University,Kazakhstan,27.5
419,407,Ben Gurion University of The Negev,Israel,27.4
419,412,Tulane University,United States,27.4
421,426,Illinois Institute of Technology,United States,27.3
421,405,Universidade Nova de Lisboa,Portugal,27.3
421,435,University of Iowa,United States,27.3
424,478,Flinders University,Australia,27.2
424,472,Universit� degli Studi di Napoli Federico II,Italy,27.2
424,397,Universit�t Konstanz,Germany,27.2
427,415,National Central University,Taiwan,27.1
427,405,Stellenbosch University,South Africa,27.1
429,422,Dublin City University (DCU),Ireland,27
429,443,Tianjin University,China,27
429,391,University of Liege,Belgium,27
432,376,Boston College,United States,26.7
432,372,Ruhr-Universit�t Bochum,Germany,26.7
432,412,Universidad de Zaragoza,Spain,26.7
435,470,Universidad Polit�cnica de Madrid,Spain,26.5
436,464,Beijing Institute of Technology,China,26.4
436,511-520,ITMO University,Russia,26.4
438,384,Universidad de Belgrano,Argentina,26.3
439,404,Peter the Great St.Petersburg Polytechnic University,Russia,26.2
439,464,Universidade Federal de S�o Paulo (UNIFESP),Brazil,26.2
439,461,University of Saskatchewan,Canada,26.2
442,381,Aston University,United Kingdom,26
442,464,Auckland University of Technology,New Zealand,26
442,443,Bond University,Australia,26
442,464,Chiba University,Japan,26
442,450,Colorado State University,United States,26
442,481,UCSI University,Malaysia,26
448,472,Florida State University,United States,25.8
448,456,Hitotsubashi University,Japan,25.8
448,501-510,Universit� degli Studi di Firenze (UNIFI),Italy,25.8
451,448,Ko� University,Turkey,25.7
451,476,"National University of Science and Technology ""MISIS""",Russia,25.7
451,476,Xiamen University,China,25.7
454,432,Dongguk University,South Korea,25.6
454,446,National Technical University of Athens,Greece,25.6
454,435,Sogang University,South Korea,25.6
454,384,"University of California, Riverside (UCR)",United States,25.6
458,489,Universit� de Bordeaux,France,25.5
458,488,Vilnius University,Lithuania,25.5
460,453,"University of Maryland, Baltimore County",United States,25.4
461,450,Oregon State University,United States,25.3
462,491,Beihang University,China,25.2
462,464,Concordia University,Canada,25.2
462,521-530,Julius-Maximilians-Universit�t W�rzburg,Germany,25.2
462,435,Swansea University,United Kingdom,25.2
462,456,The Catholic University of Korea,South Korea,25.2
462,500,University of Science and Technology Beijing,China,25.2
468,429,Brandeis University,United States,25.1
468,521-530,Pontificia Universidad Javeriana,Colombia,25.1
468,541-550,Shandong University,China,25.1
468,461,Universit�t des Saarlandes,Germany,25.1
468,498,Western Sydney University,Australia,25.1
468,460,Yokohama City University,Japan,25.1
474,551-560,Pontificia Universidad Cat�lica del Per�,Peru,25
474,431,The University of Georgia,United States,25
474,487,University of Delhi,India,25
477,500,Singapore Management University,Singapore,24.9
478,453,Christian-Albrechts-Universit�t zu Kiel,Germany,24.8
478,417,University of Stirling,United Kingdom,24.8
480,541-550,South China University of Technology,China,24.7
480,407,Universidad Externado de Colombia,Colombia,24.7
482,491,"Universidade Estadual Paulista ""J�lio de Mesquita Filho""",Brazil,24.6
482,521-530,Universiti Teknologi Petronas (Petronas),Malaysia,24.6
484,432,Aberystwyth University,United Kingdom,24.5
484,429,Chang Gung University,Taiwan,24.5
484,475,Jilin University,China,24.5
484,601-650,University of Canberra,Australia,24.5
484,439,Wayne State University,United States,24.5
489,498,Amirkabir University of Technology,Iran,24.4
489,511-520,Universidad de Santiago de Chile (USACH),Chile,24.4
491,472,Indian Institute of Technology Guwahati (IITG),India,24.3
491,521-530,Lappeenranta University of Technology,Finland,24.3
491,480,M.O.Auezov South Kazakhstan State University,Kazakhstan,24.3
491,531-540,Universidad de Montevideo,Uruguay,24.3
491,453,Universit� Aix-Marseille,France,24.3
491,439,University of Delaware,United States,24.3
491,481,V.N. Karazin Kharkiv National University,Ukraine,24.3
498,531-540,Czech Technical University In Prague,Czech Republic,24.2
498,422,Universit� de Montpellier,France,24.2
498,481,University of Eastern Finland,Finland,24.2
501-510,456,Bilkent University,Turkey,23.5 - 24.1
501-510,478,Institut National des Sciences Appliqu�es de Lyon (INSA),France,23.5 - 24.1
501-510,448,King Khalid University,Saudi Arabia,23.5 - 24.1
501-510,511-520,Southeast University,China,23.5 - 24.1
501-510,541-550,Umm Al-Qura University (UQU),Saudi Arabia,23.5 - 24.1
501-510,481,Universidad de Alcal�,Spain,23.5 - 24.1
501-510,511-520,Universidad de la Habana,Cuba,23.5 - 24.1
501-510,551-560,University of Johannesburg,South Africa,23.5 - 24.1
501-510,470,University of Szeged,Hungary,23.5 - 24.1
501-510,426,University of Texas Dallas,United States,23.5 - 24.1
511-520,489,Iowa State University,United States,22.9 - 23.4
511-520,561-570,Martin-Luther-Universit�t Halle-Wittenberg,Germany,22.9 - 23.4
511-520,561-570,National Taipei University of Technology,Taiwan,22.9 - 23.4
511-520,551-560,Quaid-i-azam University,Pakistan,22.9 - 23.4
511-520,601-650,Taylor's University,Malaysia,22.9 - 23.4
511-520,501-510,Universidad de Costa Rica,Costa Rica,22.9 - 23.4
511-520,495,Universidad de Granada,Spain,22.9 - 23.4
511-520,491,Universit� Cattolica del Sacro Cuore,Italy,22.9 - 23.4
511-520,511-520,Universit� degli Studi di Roma - Tor Vergata,Italy,22.9 - 23.4
511-520,521-530,Universit� Paul Sabatier Toulouse III,France,22.9 - 23.4
511-520,501-510,University of Ulsan,South Korea,22.9 - 23.4
511-520,481,York University,Canada,22.9 - 23.4
521-530,435,Bangor University,United Kingdom,22.4 - 22.8
521-530,521-530,Cairo University,Egypt,22.4 - 22.8
521-530,551-560,Inha University,South Korea,22.4 - 22.8
521-530,551-560,Justus-Liebig-Universit�t Gie�en,Germany,22.4 - 22.8
521-530,501-510,National Research Saratov State University,Russia,22.4 - 22.8
521-530,501-510,Pusan National University,South Korea,22.4 - 22.8
521-530,501-510,Sabanci University,Turkey,22.4 - 22.8
521-530,500,Technische Universit�t Braunschweig,Germany,22.4 - 22.8
521-530,511-520,Universit�t Bremen,Germany,22.4 - 22.8
521-530,511-520,University of Limerick (UL),Ireland,22.4 - 22.8
521-530,601-650,Warsaw University of Technology,Poland,22.4 - 22.8
531-540,461,Clark University,United States,22 - 22.3
531-540,571-580,Coventry University,United Kingdom,22 - 22.3
531-540,501-510,East China Normal University,China,22 - 22.3
531-540,541-550,Far Eastern Federal University,Russia,22 - 22.3
531-540,511-520,Kumamoto University,Japan,22 - 22.3
531-540,521-530,Nagasaki University,Japan,22 - 22.3
531-540,521-530,Renmin (People�s) University of China,China,22 - 22.3
531-540,581-590,Universit�t Leipzig,Germany,22 - 22.3
531-540,531-540,Universit� Panth�on-Assas (Paris 2),France,22 - 22.3
541-550,531-540,Abo Akademi University,Finland,21.8 - 21.9
541-550,581-590,Imam Abdulrahman Bin Faisal University (IAU) (formerly University of Dammam),Saudi Arabia,21.8 - 21.9
541-550,561-570,Karl-Franzens-Universit�t Graz,Austria,21.8 - 21.9
541-550,531-540,Southern Federal University,Russia,21.8 - 21.9
541-550,531-540,Taras Shevchenko National University of Kyiv,Ukraine,21.8 - 21.9
541-550,571-580,Universit� degli Studi di Torino (UNITO),Italy,21.8 - 21.9
541-550,601-650,Universit�t Bayreuth,Germany,21.8 - 21.9
551-560,601-650,Bar-Ilan University,Israel,21.5 - 21.7
551-560,531-540,East China University of Science and Technology,China,21.5 - 21.7
551-560,591-600,Hallym University,South Korea,21.5 - 21.7
551-560,501-510,Lehigh University,United States,21.5 - 21.7
551-560,571-580,Masaryk University,Czech Republic,21.5 - 21.7
551-560,601-650,National Chengchi University,Taiwan,21.5 - 21.7
551-560,541-550,Osaka City University,Japan,21.5 - 21.7
551-560,531-540,University of Aveiro,Portugal,21.5 - 21.7
551-560,591-600,"University of Missouri, Columbia",United States,21.5 - 21.7
551-560,561-570,University of Pretoria,South Africa,21.5 - 21.7
561-570,561-570,Aristotle University of Thessaloniki,Greece,21.1 - 21.4
561-570,501-510,Drexel University,United States,21.1 - 21.4
561-570,481,Kazakh National Pedagogical University Abai,Kazakhstan,21.1 - 21.4
561-570,464,Kazakh National Technical University after K.I.Satpayev,Kazakhstan,21.1 - 21.4
561-570,531-540,New School University,United States,21.1 - 21.4
561-570,511-520,Okayama University,Japan,21.1 - 21.4
561-570,581-590,Universidad Anahuac,Mexico,21.1 - 21.4
561-570,541-550,Universit� du Qu�bec,Canada,21.1 - 21.4
561-570,500,Universit� Saint-Joseph de Beyrouth,Lebanon,21.1 - 21.4
561-570,541-550,University of Cincinnati,United States,21.1 - 21.4
561-570,551-560,University of Nebraska,United States,21.1 - 21.4
561-570,561-570,University of South Carolina at Columbia,United States,21.1 - 21.4
571-580,571-580,Chonbuk National University,South Korea,20.8 - 21
571-580,571-580,Dalian University of Technology,China,20.8 - 21
571-580,581-590,Konkuk University,South Korea,20.8 - 21
571-580,591-600,Murdoch University,Australia,20.8 - 21
571-580,581-590,University of Guelph,Canada,20.8 - 21
571-580,581-590,"University of Massachusetts, Boston",United States,20.8 - 21
571-580,495,University of Oklahoma,United States,20.8 - 21
571-580,531-540,University of Vermont,United States,20.8 - 21
581-590,501-510,Howard University,United States,20.6 - 20.7
581-590,561-570,Kanazawa University,Japan,20.6 - 20.7
581-590,601-650,Lebanese American University,Lebanon,20.6 - 20.7
581-590,551-560,Syracuse University,United States,20.6 - 20.7
581-590,581-590,Universit� degli Studi di Pavia (UNIPV),Italy,20.6 - 20.7
581-590,561-570,Universitat de Valencia,Spain,20.6 - 20.7
581-590,601-650,Universit� de Fribourg,Switzerland,20.6 - 20.7
581-590,591-600,University of Balamand,Lebanon,20.6 - 20.7
591-600,591-600,"Kingston University, London",United Kingdom,20.3 - 20.5
591-600,601-650,Lingnan University (Hong Kong),Hong Kong,20.3 - 20.5
591-600,551-560,Middle East Technical University,Turkey,20.3 - 20.5
591-600,601-650,Universidad Nacional de La Plata,Argentina,20.3 - 20.5
591-600,541-550,Universitat Ramon Llull,Spain,20.3 - 20.5
591-600,601-650,Universiti Utara Malaysia (UUM),Malaysia,20.3 - 20.5
591-600,651-700,University of Ljubljana,Slovenia,20.3 - 20.5
591-600,601-650,University of Milano-Bicocca,Italy,20.3 - 20.5
591-600,591-600,University of Mons,Belgium,20.3 - 20.5
591-600,581-590,Vilnius Gediminas Technical University,Lithuania,20.3 - 20.5
601-650,651-700,Ajou University,South Korea,18.5 - 20.2
601-650,541-550,American University,United States,18.5 - 20.2
601-650,561-570,American University in Dubai,United Arab Emirates,18.5 - 20.2
601-650,651-700,Ateneo de Manila University,Philippines,18.5 - 20.2
601-650,701-750,Bogor Agricultural University,Indonesia,18.5 - 20.2
601-650,601-650,Central Queensland University,Australia,18.5 - 20.2
601-650,651-700,Chiang Mai University,Thailand,18.5 - 20.2
601-650,601-650,City University of New York,United States,18.5 - 20.2
601-650,601-650,Clarkson University,United States,18.5 - 20.2
601-650,581-590,College of William & Mary,United States,18.5 - 20.2
601-650,651-700,Gifu University,Japan,18.5 - 20.2
601-650,651-700,Holy Spirit University of Kaslik,Lebanon,18.5 - 20.2
601-650,581-590,Instituto Tecnol�gico de Buenos Aires (ITBA),Argentina,18.5 - 20.2
601-650,601-650,Iran University of Science and Technology,Iran,18.5 - 20.2
601-650,601-650,Keele University,United Kingdom,18.5 - 20.2
601-650,651-700,Kyungpook National University,South Korea,18.5 - 20.2
601-650,601-650,Lobachevsky State University of Nizhni Novgorod,Russia,18.5 - 20.2
601-650,591-600,Michigan Technological University,United States,18.5 - 20.2
601-650,651-700,Niigata University,Japan,18.5 - 20.2
601-650,651-700,Palack� University in Olomouc,Czech Republic,18.5 - 20.2
601-650,601-650,Pontificia Universidade Cat�lica do Rio de Janeiro - PUC - Rio,Brazil,18.5 - 20.2
601-650,601-650,Sichuan University,China,18.5 - 20.2
601-650,601-650,Smith College,United States,18.5 - 20.2
601-650,601-650,Tallinn University of Technology,Estonia,18.5 - 20.2
601-650,601-650,Thammasat University,Thailand,18.5 - 20.2
601-650,651-700,Tokyo Metropolitan University,Japan,18.5 - 20.2
601-650,571-580,Tokyo University of Agriculture and Technology,Japan,18.5 - 20.2
601-650,601-650,Ulster University,United Kingdom,18.5 - 20.2
601-650,651-700,Universidad de Concepci�n,Chile,18.5 - 20.2
601-650,591-600,Universidad de Salamanca,Spain,18.5 - 20.2
601-650,591-600,Universidad de San Andr�s,Argentina,18.5 - 20.2
601-650,601-650,Universidad de Sevilla,Spain,18.5 - 20.2
601-650,751-800,Universidad Panamericana (UP),Mexico,18.5 - 20.2
601-650,651-700,Universidad Torcuato Di Tella,Argentina,18.5 - 20.2
601-650,601-650,Universit�t Duisburg-Essen,Germany,18.5 - 20.2
601-650,571-580,Universit�t Regensburg,Germany,18.5 - 20.2
601-650,591-600,University of Bradford,United Kingdom,18.5 - 20.2
601-650,601-650,University of Debrecen,Hungary,18.5 - 20.2
601-650,591-600,University of Hyderabad,India,18.5 - 20.2
601-650,601-650,University of Jordan,Jordan,18.5 - 20.2
601-650,551-560,University of Kentucky,United States,18.5 - 20.2
601-650,701-750,University of Klagenfurt,Austria,18.5 - 20.2
601-650,601-650,University of Manitoba,Canada,18.5 - 20.2
601-650,494,University of New Mexico,United States,18.5 - 20.2
601-650,581-590,University of Oregon,United States,18.5 - 20.2
601-650,601-650,University of Portsmouth,United Kingdom,18.5 - 20.2
601-650,521-530,University of South Florida,United States,18.5 - 20.2
601-650,701-750,University of Tehran,Iran,18.5 - 20.2
601-650,651-700,Victoria University,Australia,18.5 - 20.2
601-650,601-650,Virginia Commonwealth University,United States,18.5 - 20.2
601-650,601-650,Worcester Polytechnic Institute,United States,18.5 - 20.2
651-700,751-800,Airlangga University,Indonesia,16.7 - 18.4
651-700,571-580,Bogazi�i �niversitesi,Turkey,16.7 - 18.4
651-700,651-700,Brno University of Technology,Czech Republic,16.7 - 18.4
651-700,651-700,Carleton University,Canada,16.7 - 18.4
651-700,651-700,Charles Darwin University,Australia,16.7 - 18.4
651-700,651-700,China Agricultural University,China,16.7 - 18.4
651-700,751-800,Edith Cowan University (ECU),Australia,16.7 - 18.4
651-700,701-750,Eotvos Lorand University,Hungary,16.7 - 18.4
651-700,561-570,Indiana University-Purdue University Indianapolis,United States,16.7 - 18.4
651-700,651-700,Instituto Polit�cnico Nacional (IPN),Mexico,16.7 - 18.4
651-700,651-700,Instituto Tecnol�gico Autonomo de M�xico (ITAM),Mexico,16.7 - 18.4
651-700,651-700,International Islamic University Malaysia (IIUM),Malaysia,16.7 - 18.4
651-700,651-700,Istanbul Technical University,Turkey,16.7 - 18.4
651-700,601-650,Jadavpur University,India,16.7 - 18.4
651-700,651-700,Jordan University of Science and Technology,Jordan,16.7 - 18.4
651-700,601-650,Kagoshima University,Japan,16.7 - 18.4
651-700,651-700,Kazakh National Agrarian University,Kazakhstan,16.7 - 18.4
651-700,551-560,Leibniz Universit�t Hannover,Germany,16.7 - 18.4
651-700,651-700,Louisiana State University,United States,16.7 - 18.4
651-700,701-750,Missouri University of Science and Technology,United States,16.7 - 18.4
651-700,651-700,National and Kapodistrian University of Athens,Greece,16.7 - 18.4
651-700,651-700,National Chung Hsing University,Taiwan,16.7 - 18.4
651-700,701-750,"National Technical University ""Kharkiv Polytechnic Institute""",Ukraine,16.7 - 18.4
651-700,601-650,Osaka Prefecture University,Japan,16.7 - 18.4
651-700,601-650,Philipps-Universit�t Marburg,Germany,16.7 - 18.4
651-700,531-540,Pontificia Universidade Cat�lica de S�o Paulo (PUC-SP),Brazil,16.7 - 18.4
651-700,601-650,"Rutgers - The State University of New Jersey, Newark",United States,16.7 - 18.4
651-700,701-750,Samara National Research University (Samara University),Russia,16.7 - 18.4
651-700,651-700,Sejong University,South Korea,16.7 - 18.4
651-700,651-700,Stevens Institute of Technology,United States,16.7 - 18.4
651-700,651-700,Temple University,United States,16.7 - 18.4
651-700,701-750,Universidad de Antioquia,Colombia,16.7 - 18.4
651-700,601-650,Universidad del Pais Vasco,Spain,16.7 - 18.4
651-700,701-750,Universidad Iberoamericana (UIA),Mexico,16.7 - 18.4
651-700,581-590,Universidade de Santiago de Compostela,Spain,16.7 - 18.4
651-700,601-650,Universidade Federal de Minas Gerais,Brazil,16.7 - 18.4
651-700,601-650,Universidade Federal do Rio Grande Do Sul,Brazil,16.7 - 18.4
651-700,701-750,Universit� degli Studi di Genova,Italy,16.7 - 18.4
651-700,495,Universit�t Hohenheim,Germany,16.7 - 18.4
651-700,601-650,Universit� Claude Bernard Lyon 1,France,16.7 - 18.4
651-700,651-700,Universit� de Sherbrooke,Canada,16.7 - 18.4
651-700,751-800,Universiti Teknologi MARA (UiTM),Malaysia,16.7 - 18.4
651-700,651-700,University of Denver,United States,16.7 - 18.4
651-700,651-700,University of Haifa,Israel,16.7 - 18.4
651-700,651-700,University of Houston,United States,16.7 - 18.4
651-700,651-700,University of Minho,Portugal,16.7 - 18.4
651-700,701-750,University of P�cs,Hungary,16.7 - 18.4
651-700,601-650,University of Plymouth,United Kingdom,16.7 - 18.4
651-700,651-700,University of Seoul,South Korea,16.7 - 18.4
651-700,651-700,University of Sharjah,United Arab Emirates,16.7 - 18.4
651-700,601-650,University of Westminster,United Kingdom,16.7 - 18.4
651-700,651-700,University of Windsor,Canada,16.7 - 18.4
651-700,701-750,Zayed University,United Arab Emirates,16.7 - 18.4
701-750,701-750,Abu Dhabi University,United Arab Emirates,15.2 - 16.6
701-750,751-800,Beijing Jiaotong University,China,15.2 - 16.6
701-750,751-800,Beijing University of Technology,China,15.2 - 16.6
701-750,701-750,Bournemouth University,United Kingdom,15.2 - 16.6
701-750,801-1000,Central South University,China,15.2 - 16.6
701-750,651-700,Chonnam National University,South Korea,15.2 - 16.6
701-750,701-750,Chungnam National University,South Korea,15.2 - 16.6
701-750,701-750,Clemson University,United States,15.2 - 16.6
701-750,701-750,Dankook University,South Korea,15.2 - 16.6
701-750,701-750,Georgia State University,United States,15.2 - 16.6
701-750,701-750,Hunan University,China,15.2 - 16.6
701-750,751-800,Kansas State University,United States,15.2 - 16.6
701-750,701-750,Lahore University of Management Sciences (LUMS),Pakistan,15.2 - 16.6
701-750,751-800,London South Bank University,United Kingdom,15.2 - 16.6
701-750,751-800,Manipal Academy of Higher Education,India,15.2 - 16.6
701-750,701-750,Maynooth University,Ireland,15.2 - 16.6
701-750,651-700,Memorial University of Newfoundland,Canada,15.2 - 16.6
701-750,601-650,"National Technical University of Ukraine ""Kyiv Polytechnic Institute""",Ukraine,15.2 - 16.6
701-750,701-750,Northumbria University at Newcastle,United Kingdom,15.2 - 16.6
701-750,801-1000,Nottingham Trent University,United Kingdom,15.2 - 16.6
701-750,751-800,Pontificia Universidad Cat�lica de Valpara�so,Chile,15.2 - 16.6
701-750,751-800,Riga Technical University,Latvia,15.2 - 16.6
701-750,651-700,Southern Methodist University,United States,15.2 - 16.6
701-750,751-800,Sumy State University,Ukraine,15.2 - 16.6
701-750,701-750,Universidad Adolfo Ib��ez,Chile,15.2 - 16.6
701-750,751-800,Universidad Central de Venezuela (UCV),Venezuela,15.2 - 16.6
701-750,751-800,Universidad de Guadalajara (UDG),Mexico,15.2 - 16.6
701-750,751-800,Universidade Federal de Santa Catarina,Brazil,15.2 - 16.6
701-750,701-750,Universit� degli Studi di Siena (UNISI),Italy,15.2 - 16.6
701-750,701-750,Universit� degli Studi di Trieste (UNITS),Italy,15.2 - 16.6
701-750,601-650,Universit�t Potsdam,Germany,15.2 - 16.6
701-750,651-700,Universit� de Lille,France,15.2 - 16.6
701-750,651-700,University at Albany SUNY,United States,15.2 - 16.6
701-750,701-750,University of Alabama,United States,15.2 - 16.6
701-750,651-700,University of Baghdad,Iraq,15.2 - 16.6
701-750,751-800,University of Central Florida,United States,15.2 - 16.6
701-750,701-750,University of Greenwich,United Kingdom,15.2 - 16.6
701-750,701-750,University of Huddersfield,United Kingdom,15.2 - 16.6
701-750,591-600,University of Hull,United Kingdom,15.2 - 16.6
701-750,701-750,University of Patras,Greece,15.2 - 16.6
701-750,701-750,University of Tulsa,United States,15.2 - 16.6
701-750,651-700,University of Wyoming,United States,15.2 - 16.6
701-750,701-750,Vietnam National University - Ho Chi Minh City (VNU-HCM),Vietnam,15.2 - 16.6
701-750,701-750,Yamaguchi University,Japan,15.2 - 16.6
751-800,801-1000,Ajman University,United Arab Emirates,14.2 - 15.1
751-800,751-800,Anna University,India,14.2 - 15.1
751-800,801-1000,Brigham Young University,United States,14.2 - 15.1
751-800,801-1000,Chongqing University,China,14.2 - 15.1
751-800,751-800,Comenius University in Bratislava,Slovakia,14.2 - 15.1
751-800,751-800,Dublin Institute of Technology (DIT),Ireland,14.2 - 15.1
751-800,801-1000,Florida International University,United States,14.2 - 15.1
751-800,701-750,Gunma University,Japan,14.2 - 15.1
751-800,751-800,"Jamia Millia Islamia, New Delhi",India,14.2 - 15.1
751-800,751-800,Kaunas University of Technology,Lithuania,14.2 - 15.1
751-800,651-700,Kazakh-British Technical University,Kazakhstan,14.2 - 15.1
751-800,601-650,Lanzhou University,China,14.2 - 15.1
751-800,751-800,London Metropolitan University,United Kingdom,14.2 - 15.1
751-800,801-1000,Loyola University Chicago,United States,14.2 - 15.1
751-800,801-1000,Manchester Metropolitan University,United Kingdom,14.2 - 15.1
751-800,751-800,National University Lviv Polytechnic,Ukraine,14.2 - 15.1
751-800,751-800,New Jersey Institute of Technology (NJIT),United States,14.2 - 15.1
751-800,751-800,Oklahoma State University,United States,14.2 - 15.1
751-800,651-700,Padjadjaran University,Indonesia,14.2 - 15.1
751-800,751-800,Paris Lodron Universit�t Salzburg,Austria,14.2 - 15.1
751-800,801-1000,Plekhanov Russian University of Economics,Russia,14.2 - 15.1
751-800,801-1000,Shinshu University,Japan,14.2 - 15.1
751-800,751-800,Slovak University of Technology in Bratislava,Slovakia,14.2 - 15.1
751-800,801-1000,"Sofia University ""St. Kliment Ohridski""",Bulgaria,14.2 - 15.1
751-800,801-1000,Southern Cross University,Australia,14.2 - 15.1
751-800,701-750,Technische Universit�t Dortmund,Germany,14.2 - 15.1
751-800,801-1000,Universidad de La Sabana,Colombia,14.2 - 15.1
751-800,751-800,Universidad de las Am�ricas Puebla (UDLAP),Mexico,14.2 - 15.1
751-800,701-750,Universidad de San Francisco de Quito,Ecuador,14.2 - 15.1
751-800,801-1000,Universidad del Rosario,Colombia,14.2 - 15.1
751-800,751-800,Universit� Ca' Foscari Venezia,Italy,14.2 - 15.1
751-800,801-1000,Universit� degli Studi di Modena e Reggio Emilia,Italy,14.2 - 15.1
751-800,751-800,Universit� degli Studi di Perugia,Italy,14.2 - 15.1
751-800,701-750,Universit�t Bielefeld,Germany,14.2 - 15.1
751-800,701-750,Universit�t D�sseldorf,Germany,14.2 - 15.1
751-800,701-750,Universit�t Rostock,Germany,14.2 - 15.1
751-800,701-750,Universit� de Lorraine,France,14.2 - 15.1
751-800,701-750,University of Brescia,Italy,14.2 - 15.1
751-800,651-700,University of Crete,Greece,14.2 - 15.1
751-800,701-750,University of East London,United Kingdom,14.2 - 15.1
751-800,751-800,University of Hertfordshire,United Kingdom,14.2 - 15.1
751-800,801-1000,University of Maribor,Slovenia,14.2 - 15.1
751-800,751-800,University of Southern Queensland,Australia,14.2 - 15.1
751-800,801-1000,University of Zagreb,Croatia,14.2 - 15.1
751-800,701-750,Yokohama National University,Japan,14.2 - 15.1
801-1000,801-1000,Adam Mickiewicz University,Poland,9 - 14.1
801-1000,801-1000,AGH University of Science and Technology,Poland,9 - 14.1
801-1000,701-750,Ain Shams University,Egypt,9 - 14.1
801-1000,801-1000,Alexandria University,Egypt,9 - 14.1
801-1000,801-1000,"Aligarh Muslim University (AMU), Aligarh",India,9 - 14.1
801-1000,801-1000,Amrita Vishwa Vidyapeetham,India,9 - 14.1
801-1000,801-1000,Ankara �niversitesi,Turkey,9 - 14.1
801-1000,801-1000,Assiut University,Egypt,9 - 14.1
801-1000,801-1000,Athens University of Economics and Business,Greece,9 - 14.1
801-1000,801-1000,Auburn University,United States,9 - 14.1
801-1000,801-1000,Australian Catholic University,Australia,9 - 14.1
801-1000,801-1000,Babes-Bolyai University,Romania,9 - 14.1
801-1000,801-1000,Baku State University,Azerbaijan,9 - 14.1
801-1000,801-1000,Banaras Hindu University,India,9 - 14.1
801-1000,801-1000,Bangladesh University of Engineering and Technology,Bangladesh,9 - 14.1
801-1000,801-1000,Baylor University,United States,9 - 14.1
801-1000,751-800,Beijing Foreign Studies University,China,9 - 14.1
801-1000,801-1000,Belarusian National Technical University,Belarus,9 - 14.1
801-1000,801-1000,Binghamton University SUNY,United States,9 - 14.1
801-1000,801-1000,Birla Institute of Technology and Science,India,9 - 14.1
801-1000,801-1000,Budapest University of Technology and Economics,Hungary,9 - 14.1
801-1000,751-800,COMSATS Institute of Information Technology,Pakistan,9 - 14.1
801-1000,801-1000,Corvinus University of Budapest,Hungary,9 - 14.1
801-1000,801-1000,Cracow University of Technology,Poland,9 - 14.1
801-1000,801-1000,De La Salle University,Philippines,9 - 14.1
801-1000,801-1000,Diponegoro University,Indonesia,9 - 14.1
801-1000,651-700,E.A.Buketov Karaganda State University,Kazakhstan,9 - 14.1
801-1000,801-1000,Edinburgh Napier University,United Kingdom,9 - 14.1
801-1000,801-1000,Escuela Superior Polit�cnica del Litoral - ESPOL,Ecuador,9 - 14.1
801-1000,801-1000,Fordham University,United States,9 - 14.1
801-1000,801-1000,George Mason University,United States,9 - 14.1
801-1000,751-800,German Jordanian University,Jordan,9 - 14.1
801-1000,801-1000,Hacettepe University,Turkey,9 - 14.1
801-1000,801-1000,Istanbul University,Turkey,9 - 14.1
801-1000,751-800,Karaganda State Technical University,Kazakhstan,9 - 14.1
801-1000,801-1000,Kasetsart University,Thailand,9 - 14.1
801-1000,801-1000,Kazakh Ablai khan University of International Relations and World Languages,Kazakhstan,9 - 14.1
801-1000,751-800,Kent State University,United States,9 - 14.1
801-1000,801-1000,Khon Kaen University,Thailand,9 - 14.1
801-1000,801-1000,King Faisal University,Saudi Arabia,9 - 14.1
801-1000,801-1000,King Mongkut's University of Technology Thonburi,Thailand,9 - 14.1
801-1000,801-1000,Kuwait University,Kuwait,9 - 14.1
801-1000,801-1000,Kyoto Institute of Technology,Japan,9 - 14.1
801-1000,801-1000,Kyushu Institute of Technology,Japan,9 - 14.1
801-1000,801-1000,Lodz University of Technology,Poland,9 - 14.1
801-1000,801-1000,Marquette University,United States,9 - 14.1
801-1000,801-1000,Miami University,United States,9 - 14.1
801-1000,751-800,Middlesex University,United Kingdom,9 - 14.1
801-1000,801-1000,Multimedia University (MMU),Malaysia,9 - 14.1
801-1000,801-1000,Mustansiriyah University,Iraq,9 - 14.1
801-1000,751-800,Nagoya Institute of Technology (NIT),Japan,9 - 14.1
801-1000,801-1000,National Chung Cheng University,Taiwan,9 - 14.1
801-1000,801-1000,Nicolaus Copernicus University,Poland,9 - 14.1
801-1000,801-1000,Novosibirsk State Technical University,Russia,9 - 14.1
801-1000,801-1000,Ohio University,United States,9 - 14.1
801-1000,801-1000,Pontificia Universidad Catolica del Ecuador,Ecuador,9 - 14.1
801-1000,801-1000,Pontificia Universidade Cat�lica do Rio Grande do Sul,Brazil,9 - 14.1
801-1000,801-1000,Poznan University of Technology,Poland,9 - 14.1
801-1000,801-1000,Prince of Songkla University,Thailand,9 - 14.1
801-1000,801-1000,Rhodes University,South Africa,9 - 14.1
801-1000,801-1000,Riga Stradins University,Latvia,9 - 14.1
801-1000,801-1000,Ritsumeikan University,Japan,9 - 14.1
801-1000,801-1000,Ryerson University,Canada,9 - 14.1
801-1000,801-1000,Saitama University,Japan,9 - 14.1
801-1000,801-1000,San Diego State University,United States,9 - 14.1
801-1000,801-1000,Savitribai Phule Pune University,India,9 - 14.1
801-1000,801-1000,Seoul National University of Science and Technology,South Korea,9 - 14.1
801-1000,801-1000,Sepuluh Nopember Institute of Technology,Indonesia,9 - 14.1
801-1000,801-1000,Shahid Beheshti University Tehran,Iran,9 - 14.1
801-1000,701-750,Shanghai International Studies University,China,9 - 14.1
801-1000,801-1000,Shiraz University,Iran,9 - 14.1
801-1000,751-800,Sophia University,Japan,9 - 14.1
801-1000,801-1000,South Ural State University,Russia,9 - 14.1
801-1000,801-1000,Tallinn University,Estonia,9 - 14.1
801-1000,801-1000,Technical University of Kosice,Slovakia,9 - 14.1
801-1000,801-1000,Tecnol�gico de Costa Rica (TEC),Costa Rica,9 - 14.1
801-1000,701-750,Texas Tech University,United States,9 - 14.1
801-1000,801-1000,Thapar University,India,9 - 14.1
801-1000,801-1000,The Robert Gordon University,United Kingdom,9 - 14.1
801-1000,801-1000,Tokai University,Japan,9 - 14.1
801-1000,751-800,Tokyo University of Science,Japan,9 - 14.1
801-1000,801-1000,Universidad Austral de Chile,Chile,9 - 14.1
801-1000,801-1000,Universidad Aut�noma de Nuevo Le�n (UANL),Mexico,9 - 14.1
801-1000,801-1000,Universidad Aut�noma del Estado de M�xico,Mexico,9 - 14.1
801-1000,751-800,Universidad Aut�noma Metropolitana (UAM),Mexico,9 - 14.1
801-1000,801-1000,Universidad Cat�lica Andr�s Bello - UCAB,Venezuela,9 - 14.1
801-1000,801-1000,Universidad de Castilla-La Mancha,Spain,9 - 14.1
801-1000,801-1000,Universidad de la Rep�blica (UdelaR),Uruguay,9 - 14.1
801-1000,801-1000,Universidad de los Andes M�rida,Venezuela,9 - 14.1
801-1000,801-1000,Universidad de Monterrey,Mexico,9 - 14.1
801-1000,801-1000,Universidad de Murcia,Spain,9 - 14.1
801-1000,801-1000,Universidad de Oviedo,Spain,9 - 14.1
801-1000,801-1000,Universidad de Puerto Rico,Puerto Rico,9 - 14.1
801-1000,801-1000,Universidad de Talca,Chile,9 - 14.1
801-1000,801-1000,Universidad del Norte,Colombia,9 - 14.1
801-1000,801-1000,Universidad del Valle,Colombia,9 - 14.1
801-1000,801-1000,Universidad Diego Portales,Chile,9 - 14.1
801-1000,801-1000,Universidad EAFIT,Colombia,9 - 14.1
801-1000,751-800,Universidad Nacional Costa Rica,Costa Rica,9 - 14.1
801-1000,801-1000,Universidad Nacional de C�rdoba,Argentina,9 - 14.1
801-1000,801-1000,Universidad Nacional de Mar del Plata,Argentina,9 - 14.1
801-1000,801-1000,Universidad Nacional de Rosario,Argentina,9 - 14.1
801-1000,801-1000,Universidad Peruana Cayetano Heredia,Peru,9 - 14.1
801-1000,801-1000,Universidad Sim�n Bol�var Venezuela,Venezuela,9 - 14.1
801-1000,801-1000,Universidad T�cnica Federico Santa Mar�a,Chile,9 - 14.1
801-1000,801-1000,Universidad Tecnol�gica de Panam� (UTP),Panama,9 - 14.1
801-1000,801-1000,Universidad Tecnol�gica Nacional (UTN),Argentina,9 - 14.1
801-1000,751-800,"Universidade Catolica Portuguesa, Lisboa",Portugal,9 - 14.1
801-1000,801-1000,Universidade da Coru�a,Spain,9 - 14.1
801-1000,751-800,Universidade de Brasilia,Brazil,9 - 14.1
801-1000,801-1000,Universidade de Vigo,Spain,9 - 14.1
801-1000,801-1000,Universidade do Estado do Rio de Janeiro (UERJ),Brazil,9 - 14.1
801-1000,801-1000,Universidade Estadual de Londrina,Brazil,9 - 14.1
801-1000,701-750,Universidade Federal de S�o Carlos,Brazil,9 - 14.1
801-1000,801-1000,Universidade Federal de Vi�osa,Brazil,9 - 14.1
801-1000,801-1000,Universidade Federal do Paran� (UFPR),Brazil,9 - 14.1
801-1000,801-1000,Universidade Federal do Pernambuco,Brazil,9 - 14.1
801-1000,801-1000,Universidade Federal Fluminense,Brazil,9 - 14.1
801-1000,801-1000,Universit� degli Studi di Catania (UniCT),Italy,9 - 14.1
801-1000,701-750,Universit� degli Studi di Ferrara,Italy,9 - 14.1
801-1000,801-1000,Universit� degli Studi Roma Tre,Italy,9 - 14.1
801-1000,801-1000,Universit� degli Studi di Palermo,Italy,9 - 14.1
801-1000,801-1000,Universit� de Nantes,France,9 - 14.1
801-1000,801-1000,Universit� de Poitiers,France,9 - 14.1
801-1000,701-750,Universit� de Rennes 1,France,9 - 14.1
801-1000,801-1000,Universit� Lumi�re Lyon 2,France,9 - 14.1
801-1000,801-1000,Universit� Paul-Val�ry Montpellier 3,France,9 - 14.1
801-1000,801-1000,"Universit� Toulouse 1, Capitole",France,9 - 14.1
801-1000,701-750,Universiti Tenaga Nasional (UNITEN),Malaysia,9 - 14.1
801-1000,801-1000,University of Arkansas Fayetteville,United States,9 - 14.1
801-1000,801-1000,University of Bahrain,Bahrain,9 - 14.1
801-1000,801-1000,University of Bari,Italy,9 - 14.1
801-1000,801-1000,University of Belgrade,Serbia,9 - 14.1
801-1000,751-800,University of Brighton,United Kingdom,9 - 14.1
801-1000,801-1000,University of Bucharest,Romania,9 - 14.1
801-1000,801-1000,University of Calcutta,India,9 - 14.1
801-1000,801-1000,University of Central Lancashire,United Kingdom,9 - 14.1
801-1000,801-1000,University of Dhaka,Bangladesh,9 - 14.1
801-1000,801-1000,University of Engineering & Technology (UET) Lahore,Pakistan,9 - 14.1
801-1000,801-1000,University of Gdansk,Poland,9 - 14.1
801-1000,701-750,University of Kufa,Iraq,9 - 14.1
801-1000,751-800,University of Kwazulu-Natal,South Africa,9 - 14.1
801-1000,801-1000,University of Latvia,Latvia,9 - 14.1
801-1000,801-1000,University of Lodz,Poland,9 - 14.1
801-1000,801-1000,University of Mississippi,United States,9 - 14.1
801-1000,801-1000,University of Montana Missoula,United States,9 - 14.1
801-1000,801-1000,University of Mumbai,India,9 - 14.1
801-1000,801-1000,University of New England,Australia,9 - 14.1
801-1000,751-800,University of New Hampshire,United States,9 - 14.1
801-1000,751-800,University of Salford,United Kingdom,9 - 14.1
801-1000,801-1000,University of San Diego,United States,9 - 14.1
801-1000,801-1000,University of San Francisco,United States,9 - 14.1
801-1000,801-1000,University of Santo Tomas,Philippines,9 - 14.1
801-1000,801-1000,University of Silesia,Poland,9 - 14.1
801-1000,801-1000,University of the Pacific,United States,9 - 14.1
801-1000,801-1000,University of the Punjab,Pakistan,9 - 14.1
801-1000,801-1000,University of the Western Cape,South Africa,9 - 14.1
801-1000,801-1000,University of Wroclaw,Poland,9 - 14.1
801-1000,801-1000,University Toulouse � Jean Jaur�s,France,9 - 14.1
801-1000,801-1000,Utah State University,United States,9 - 14.1
801-1000,801-1000,Vellore Institute of Technology (VIT),India,9 - 14.1
801-1000,801-1000,Verona University,Italy,9 - 14.1
801-1000,801-1000,"Vietnam National University, Hanoi",Vietnam,9 - 14.1
801-1000,801-1000,Voronezh State University,Russia,9 - 14.1
801-1000,801-1000,Vytautas Magnus University,Lithuania,9 - 14.1
801-1000,801-1000,Wroc?aw University of Science and Technology,Poland,9 - 14.1
801-1000,801-1000,Yeungnam University,South Korea,9 - 14.1
